[
    {
        "id":1,
        "name":"Stor Book",
        "title":"new story book intersting kida",
        "price":0,
        "catagory":"free",
        "image":"/public/cover_image.avif"
    },
    {
        "id":2,
        "name":"drama Book",
        "title":"new story book intersting kida",
        "price":20,
        "catagory":"free",
        "image":""
    },
    {
        "id":3,
        "name":"fictional Book",
        "title":"new story book intersting kida",
        "price":0,
        "catagory":"free",
        "image":""
    },
    {
        "id":4,
        "name":"Stor Book",
        "title":"new story book intersting kida",
        "price":0,
        "catagory":"free",
        "image":""
    },
    {
        "id":5,
        "name":"Stor Book",
        "title":"new story book intersting kida",
        "price":0,
        "catagory":"free",
        "image":""
    },
    {
        "id":1,
        "name":"Stor Book",
        "title":"new story book intersting kida",
        "price":0,
        "catagory":"free",
        "image":""
    },
    {
        "id":1,
        "name":"Stor Book",
        "title":"new story book intersting kida",
        "price":0,
        "catagory":"free",
        "image":""
    },
    {
        "id":1,
        "name":"Stor Book",
        "title":"new story book intersting kida",
        "price":0,
        "catagory":"free",
        "image":""
    }

]